{
  "selected_model": "catboost",
  "dataset_branch": "tree",
  "use_smote": false,
  "n_trials": 2,
  "best_params": {
    "iterations": 437,
    "depth": 7,
    "learning_rate": 0.12363638151459795,
    "loss_function": "Logloss",
    "eval_metric": "AUC",
    "random_seed": 42,
    "verbose": 0,
    "l2_leaf_reg": 1.612348316661824
  },
  "best_cv_average_precision": 0.864490105666577,
  "test_metrics": {
    "accuracy": 0.9933418663205399,
    "precision": 0.8698347107438017,
    "recall": 0.7263630089717046,
    "f1_score": 0.7916509966152689,
    "roc_auc": 0.9949254776350814,
    "pr_auc": 0.8729525727845089
  },
  "mlflow_run_id": "7be1a3e74148433eb45d0be6b88f0834"
}