{
  "selected_model": "catboost",
  "dataset_branch": "tree",
  "use_smote": false,
  "n_trials": 2,
  "best_params": {
    "iterations": 367,
    "depth": 4,
    "learning_rate": 0.10176491290645609,
    "loss_function": "Logloss",
    "eval_metric": "AUC",
    "random_seed": 42,
    "verbose": 0,
    "l2_leaf_reg": 3.2964584853129777
  },
  "best_cv_average_precision": 0.8718579885582093,
  "test_metrics": {
    "accuracy": 0.9933959486338206,
    "precision": 0.8790560471976401,
    "recall": 0.7198067632850241,
    "f1_score": 0.7915006640106241,
    "roc_auc": 0.9951750880369317,
    "pr_auc": 0.8773046293026329
  },
  "mlflow_run_id": "b52a38671aa648d58fde2ff6701dc3ee"
}