{
  "selected_model": "catboost",
  "dataset_branch": "tree",
  "best_params": {
    "iterations": 235,
    "depth": 7,
    "learning_rate": 0.084524570849462,
    "loss_function": "Logloss",
    "eval_metric": "AUC",
    "random_seed": 42,
    "verbose": 0,
    "l2_leaf_reg": 5.892070763745985
  },
  "best_valid_pr_auc": 0.8636725925370444,
  "threshold": 0.16,
  "threshold_search": {
    "precision_floor": 0.65,
    "step": 0.01,
    "found_threshold_meeting_precision_floor": true
  },
  "metrics_default_threshold_on_valid": {
    "accuracy": 0.9929663631518499,
    "precision": 0.8667023554603854,
    "recall": 0.7017771998266147,
    "f1": 0.7755688622754491,
    "roc_auc": 0.9944773567786985,
    "pr_auc": 0.8636725925370444
  },
  "metrics_threshold_selected_on_valid": {
    "threshold": 0.16,
    "accuracy": 0.9895884158928665,
    "precision": 0.6507208387942333,
    "recall": 0.8608582574772432,
    "f1": 0.7411830565403993,
    "roc_auc": 0.9944773567786985,
    "pr_auc": 0.8636725925370444
  },
  "metrics_default_threshold_on_test": {
    "accuracy": 0.99334787546646,
    "precision": 0.8783269961977186,
    "recall": 0.717391304347826,
    "f1": 0.7897435897435897,
    "roc_auc": 0.995123313958044,
    "pr_auc": 0.8757597711625064
  },
  "metrics_threshold_selected_on_test": {
    "threshold": 0.16,
    "accuracy": 0.989760415352166,
    "precision": 0.6562009419152276,
    "recall": 0.865424430641822,
    "f1": 0.7464285714285714,
    "roc_auc": 0.995123313958044,
    "pr_auc": 0.8757597711625064
  },
  "model_path": "models/trained/trained_model.pkl",
  "target": "is_fraud",
  "use_smote": false,
  "fit_split": "train",
  "tuning_split": "valid",
  "final_metrics_split": "test",
  "mlflow_run_id": "d58cdfea1f2f4bd7b32b7b70031ca6ce"
}