{
  "selected_model": "lightgbm",
  "dataset_branch": "tree",
  "best_params": {
    "n_estimators": 342,
    "max_depth": -1,
    "learning_rate": 0.05,
    "subsample": 0.8,
    "colsample_bytree": 0.8,
    "objective": "binary",
    "random_state": 42,
    "n_jobs": -1,
    "num_leaves": 85
  },
  "best_valid_pr_auc": 0.8525327608895938,
  "threshold": 0.19,
  "threshold_search": {
    "precision_floor": 0.65,
    "step": 0.01,
    "found_threshold_meeting_precision_floor": true
  },
  "metrics_default_threshold_on_valid": {
    "accuracy": 0.9923883588430906,
    "precision": 0.811566265060241,
    "recall": 0.729952319029042,
    "f1": 0.7685988133272479,
    "roc_auc": 0.9941533568975028,
    "pr_auc": 0.8525327608895938
  },
  "metrics_threshold_selected_on_valid": {
    "threshold": 0.19,
    "accuracy": 0.989746053431619,
    "precision": 0.6588990206011482,
    "recall": 0.8456870394451669,
    "f1": 0.7406985573272589,
    "roc_auc": 0.9941533568975028,
    "pr_auc": 0.8525327608895938
  },
  "metrics_default_threshold_on_test": {
    "accuracy": 0.9928130614795719,
    "precision": 0.8263036809815951,
    "recall": 0.743616287094548,
    "f1": 0.7827824191790773,
    "roc_auc": 0.9946198598942863,
    "pr_auc": 0.8657096487554831
  },
  "metrics_threshold_selected_on_test": {
    "threshold": 0.19,
    "accuracy": 0.9899887628971294,
    "precision": 0.6695101816180518,
    "recall": 0.839544513457557,
    "f1": 0.7449479485609308,
    "roc_auc": 0.9946198598942863,
    "pr_auc": 0.8657096487554831
  },
  "model_path": "models/trained/trained_model.pkl",
  "target": "is_fraud",
  "use_smote": true,
  "fit_split": "train",
  "tuning_split": "valid",
  "final_metrics_split": "test",
  "mlflow_run_id": "db17eb14547e46828da3a29bae9de6b4"
}