{
  "selected_model": "catboost",
  "dataset_branch": "tree",
  "best_params": {
    "iterations": 322,
    "depth": 6,
    "learning_rate": 0.039972278241743604,
    "loss_function": "Logloss",
    "eval_metric": "AUC",
    "random_seed": 42,
    "verbose": 0,
    "l2_leaf_reg": 7.688401807022309
  },
  "best_valid_pr_auc": 0.8620150775687181,
  "threshold": 0.17,
  "threshold_search": {
    "precision_floor": 0.65,
    "step": 0.01,
    "found_threshold_meeting_precision_floor": true
  },
  "metrics_default_threshold_on_valid": {
    "accuracy": 0.992891297657206,
    "precision": 0.8667745415318231,
    "recall": 0.6965756393584742,
    "f1": 0.7724104782504205,
    "roc_auc": 0.9944111535347396,
    "pr_auc": 0.8620150775687181
  },
  "metrics_threshold_selected_on_valid": {
    "threshold": 0.17,
    "accuracy": 0.989746053431619,
    "precision": 0.6567810729756748,
    "recall": 0.8543563068920677,
    "f1": 0.7426525998492841,
    "roc_auc": 0.9944111535347396,
    "pr_auc": 0.8620150775687181
  },
  "metrics_default_threshold_on_test": {
    "accuracy": 0.9933238388827796,
    "precision": 0.8816744980777446,
    "recall": 0.7122153209109731,
    "f1": 0.7879366291276961,
    "roc_auc": 0.994982907315641,
    "pr_auc": 0.8747526561387926
  },
  "metrics_threshold_selected_on_test": {
    "threshold": 0.17,
    "accuracy": 0.9900127994808098,
    "precision": 0.6655061596143546,
    "recall": 0.857487922705314,
    "f1": 0.7493968636911942,
    "roc_auc": 0.994982907315641,
    "pr_auc": 0.8747526561387926
  },
  "model_path": "models/trained/trained_model.pkl",
  "target": "is_fraud",
  "use_smote": false,
  "fit_split": "train",
  "tuning_split": "valid",
  "final_metrics_split": "test",
  "mlflow_run_id": "dea588417d1a4372ae9fa79bc486331c"
}