{
  "selected_model": "lightgbm",
  "dataset_branch": "tree",
  "best_params": {
    "n_estimators": 1043,
    "max_depth": 5,
    "learning_rate": 0.028014011897771297,
    "subsample": 0.8636706771271108,
    "colsample_bytree": 0.9752086834578281,
    "objective": "binary",
    "random_state": 42,
    "n_jobs": -1,
    "num_leaves": 25,
    "min_child_samples": 16,
    "min_split_gain": 0.0023356387772242794,
    "reg_alpha": 0.0013098144856838788,
    "reg_lambda": 0.0003214115224743322,
    "verbosity": -1
  },
  "best_valid_pr_auc": 0.8520987541855642,
  "threshold": 0.23,
  "threshold_search": {
    "precision_floor": 0.65,
    "step": 0.01,
    "found_threshold_meeting_precision_floor": true
  },
  "metrics_default_threshold_on_valid": {
    "accuracy": 0.9924258915904126,
    "precision": 0.8015799256505576,
    "recall": 0.7477243172951885,
    "f1": 0.7737160798385289,
    "roc_auc": 0.993975369042358,
    "pr_auc": 0.8520987541855642
  },
  "metrics_threshold_selected_on_valid": {
    "threshold": 0.23,
    "accuracy": 0.9895583896950089,
    "precision": 0.6538978494623656,
    "recall": 0.8435197225834417,
    "f1": 0.7367026310808253,
    "roc_auc": 0.993975369042358,
    "pr_auc": 0.8520987541855642
  },
  "metrics_default_threshold_on_test": {
    "accuracy": 0.9928130614795719,
    "precision": 0.8223484848484849,
    "recall": 0.7491373360938578,
    "f1": 0.784037558685446,
    "roc_auc": 0.9947203059123386,
    "pr_auc": 0.8675755493291591
  },
  "metrics_threshold_selected_on_test": {
    "threshold": 0.23,
    "accuracy": 0.9898866074164879,
    "precision": 0.6651263930415874,
    "recall": 0.844375431331953,
    "f1": 0.7441082560437889,
    "roc_auc": 0.9947203059123386,
    "pr_auc": 0.8675755493291591
  },
  "model_path": "models/trained/trained_model.pkl",
  "target": "is_fraud",
  "use_smote": true,
  "fit_split": "train",
  "tuning_split": "valid",
  "final_metrics_split": "test",
  "mlflow_run_id": "bad8e078d30840b996f464d19ec6532d"
}