{
  "selected_model": "lightgbm",
  "dataset_branch": "tree",
  "best_params": {
    "n_estimators": 201,
    "max_depth": -1,
    "learning_rate": 0.05,
    "subsample": 0.8,
    "colsample_bytree": 0.8,
    "objective": "binary",
    "random_state": 42,
    "n_jobs": -1,
    "num_leaves": 120
  },
  "best_valid_pr_auc": 0.8496101749327626,
  "threshold": 0.19,
  "threshold_search": {
    "precision_floor": 0.65,
    "step": 0.01,
    "found_threshold_meeting_precision_floor": true
  },
  "metrics_default_threshold_on_valid": {
    "accuracy": 0.992395865392555,
    "precision": 0.8060548722800378,
    "recall": 0.7386215864759428,
    "f1": 0.7708663198371409,
    "roc_auc": 0.9940650252010392,
    "pr_auc": 0.8496101749327626
  },
  "metrics_threshold_selected_on_valid": {
    "threshold": 0.19,
    "accuracy": 0.989595922442331,
    "precision": 0.6544783629654478,
    "recall": 0.8456870394451669,
    "f1": 0.7378971255673222,
    "roc_auc": 0.9940650252010392,
    "pr_auc": 0.8496101749327626
  },
  "metrics_default_threshold_on_test": {
    "accuracy": 0.9927289334366907,
    "precision": 0.8196969696969697,
    "recall": 0.7467218771566597,
    "f1": 0.7815095702419647,
    "roc_auc": 0.9945048654740226,
    "pr_auc": 0.8627492713723365
  },
  "metrics_threshold_selected_on_test": {
    "threshold": 0.19,
    "accuracy": 0.9897003238929651,
    "precision": 0.6597409606044252,
    "recall": 0.8436853002070394,
    "f1": 0.7404603270745003,
    "roc_auc": 0.9945048654740226,
    "pr_auc": 0.8627492713723365
  },
  "model_path": "models/trained/trained_model.pkl",
  "target": "is_fraud",
  "use_smote": true,
  "fit_split": "train",
  "tuning_split": "valid",
  "final_metrics_split": "test",
  "mlflow_run_id": "02c5ae02b8434bc89eaa240a85dc0faf"
}