{
  "selected_model": "lightgbm",
  "dataset_branch": "tree",
  "best_params": {
    "n_estimators": 975,
    "max_depth": 3,
    "learning_rate": 0.024852010408358747,
    "subsample": 0.8099737489924274,
    "colsample_bytree": 0.9576192494733159,
    "objective": "binary",
    "random_state": 42,
    "n_jobs": -1,
    "num_leaves": 8,
    "min_child_samples": 45,
    "min_split_gain": 0.08958294628724565,
    "reg_alpha": 0.08386613495531628,
    "reg_lambda": 0.0002535538908969423,
    "verbosity": -1
  },
  "best_valid_pr_auc": 0.835535871461526,
  "threshold": 0.35,
  "threshold_search": {
    "precision_floor": 0.65,
    "step": 0.01,
    "found_threshold_meeting_precision_floor": true
  },
  "metrics_default_threshold_on_valid": {
    "accuracy": 0.9914125074127176,
    "precision": 0.7425949103045474,
    "recall": 0.7715648027741656,
    "f1": 0.7568027210884354,
    "roc_auc": 0.992927123420045,
    "pr_auc": 0.835535871461526
  },
  "metrics_threshold_selected_on_valid": {
    "threshold": 0.35,
    "accuracy": 0.989468311101436,
    "precision": 0.655433287482806,
    "recall": 0.8261811876896402,
    "f1": 0.7309683604985618,
    "roc_auc": 0.992927123420045,
    "pr_auc": 0.835535871461526
  },
  "metrics_default_threshold_on_test": {
    "accuracy": 0.9914129304801909,
    "precision": 0.7444259567387688,
    "recall": 0.771911663216011,
    "f1": 0.7579197018465187,
    "roc_auc": 0.9937463965323396,
    "pr_auc": 0.8503294285244851
  },
  "metrics_threshold_selected_on_test": {
    "threshold": 0.35,
    "accuracy": 0.9892376196571181,
    "precision": 0.6506122448979592,
    "recall": 0.8250517598343685,
    "f1": 0.7275216795983569,
    "roc_auc": 0.9937463965323396,
    "pr_auc": 0.8503294285244851
  },
  "model_path": "models/trained/trained_model.pkl",
  "target": "is_fraud",
  "use_smote": true,
  "fit_split": "train",
  "tuning_split": "valid",
  "final_metrics_split": "test",
  "mlflow_run_id": "a87cd7b6dbaa45b6bf030d7018c8c0ba"
}