{
  "selected_model": "lightgbm",
  "dataset_branch": "tree",
  "best_params": {
    "n_estimators": 594,
    "max_depth": 7,
    "learning_rate": 0.039384097182201094,
    "subsample": 0.7763515087107606,
    "colsample_bytree": 0.9809312959097443,
    "objective": "binary",
    "random_state": 42,
    "n_jobs": -1,
    "num_leaves": 86,
    "min_child_samples": 40,
    "min_split_gain": 0.0006190516043170762,
    "reg_alpha": 0.00029833936075219147,
    "reg_lambda": 0.00022412679586138163,
    "verbosity": -1
  },
  "best_valid_pr_auc": 0.8512675875040497,
  "threshold": 0.2,
  "threshold_search": {
    "precision_floor": 0.65,
    "step": 0.01,
    "found_threshold_meeting_precision_floor": true
  },
  "metrics_default_threshold_on_valid": {
    "accuracy": 0.9923508260957685,
    "precision": 0.8029162746942615,
    "recall": 0.7399219765929779,
    "f1": 0.7701330927137379,
    "roc_auc": 0.9939880176565383,
    "pr_auc": 0.8512675875040497
  },
  "metrics_threshold_selected_on_valid": {
    "threshold": 0.2,
    "accuracy": 0.9895658962444733,
    "precision": 0.6536013400335008,
    "recall": 0.8456870394451669,
    "f1": 0.737339380196523,
    "roc_auc": 0.9939880176565383,
    "pr_auc": 0.8512675875040497
  },
  "metrics_default_threshold_on_test": {
    "accuracy": 0.9929452626898139,
    "precision": 0.8285060975609756,
    "recall": 0.7501725327812284,
    "f1": 0.7873958710612097,
    "roc_auc": 0.9946125055018135,
    "pr_auc": 0.8664517509143698
  },
  "metrics_threshold_selected_on_test": {
    "threshold": 0.2,
    "accuracy": 0.9898625708328075,
    "precision": 0.6656634746922024,
    "recall": 0.839544513457557,
    "f1": 0.7425606592400428,
    "roc_auc": 0.9946125055018135,
    "pr_auc": 0.8664517509143698
  },
  "model_path": "models/trained/trained_model.pkl",
  "target": "is_fraud",
  "use_smote": true,
  "fit_split": "train",
  "tuning_split": "valid",
  "final_metrics_split": "test",
  "mlflow_run_id": "70ff4a0e6ede44bf8949e7e0c607f91e"
}