{
  "selected_model": "catboost",
  "dataset_branch": "tree",
  "best_params": {
    "iterations": 196,
    "depth": 4,
    "learning_rate": 0.18380948827481172,
    "loss_function": "Logloss",
    "eval_metric": "AUC",
    "random_seed": 42,
    "verbose": 0,
    "l2_leaf_reg": 8.50678692143003
  },
  "best_valid_pr_auc": 0.8635061540198378,
  "threshold": 0.16,
  "threshold_search": {
    "precision_floor": 0.65,
    "step": 0.01,
    "found_threshold_meeting_precision_floor": true
  },
  "metrics_default_threshold_on_valid": {
    "accuracy": 0.992891297657206,
    "precision": 0.8624733475479744,
    "recall": 0.7013437364542696,
    "f1": 0.7736074587616543,
    "roc_auc": 0.994433778660576,
    "pr_auc": 0.8635061540198378
  },
  "metrics_threshold_selected_on_valid": {
    "threshold": 0.16,
    "accuracy": 0.9896634813875106,
    "precision": 0.6532630191166776,
    "recall": 0.859124403987863,
    "f1": 0.7421831117768208,
    "roc_auc": 0.994433778660576,
    "pr_auc": 0.8635061540198378
  },
  "metrics_default_threshold_on_test": {
    "accuracy": 0.9933298480286997,
    "precision": 0.8788135593220339,
    "recall": 0.7156659765355418,
    "f1": 0.7888931152529479,
    "roc_auc": 0.9950901105115119,
    "pr_auc": 0.8752165925867663
  },
  "metrics_threshold_selected_on_test": {
    "threshold": 0.16,
    "accuracy": 0.9895921592664034,
    "precision": 0.6518229166666667,
    "recall": 0.8636991028295377,
    "f1": 0.7429504303947759,
    "roc_auc": 0.9950901105115119,
    "pr_auc": 0.8752165925867663
  },
  "model_path": "models/trained/trained_model.pkl",
  "target": "is_fraud",
  "use_smote": false,
  "fit_split": "train",
  "tuning_split": "valid",
  "final_metrics_split": "test",
  "mlflow_run_id": "0275ec0e5faa40949157a23e20559718"
}