{
  "selected_model": "lightgbm",
  "dataset_branch": "tree",
  "best_params": {
    "n_estimators": 1268,
    "max_depth": 3,
    "learning_rate": 0.03903786121736719,
    "subsample": 0.7595331675234043,
    "colsample_bytree": 0.9284893923209925,
    "objective": "binary",
    "random_state": 42,
    "n_jobs": -1,
    "num_leaves": 8,
    "min_child_samples": 73,
    "min_split_gain": 0.03244032646104559,
    "reg_alpha": 0.0005410084695944291,
    "reg_lambda": 0.00017653393572966656,
    "verbosity": -1
  },
  "best_valid_pr_auc": 0.850439724226191,
  "threshold": 0.26,
  "threshold_search": {
    "precision_floor": 0.65,
    "step": 0.01,
    "found_threshold_meeting_precision_floor": true
  },
  "metrics_default_threshold_on_valid": {
    "accuracy": 0.9922607475021956,
    "precision": 0.7889492753623188,
    "recall": 0.7550931946250542,
    "f1": 0.7716500553709856,
    "roc_auc": 0.9938120496062756,
    "pr_auc": 0.850439724226191
  },
  "metrics_threshold_selected_on_valid": {
    "threshold": 0.26,
    "accuracy": 0.9895358700466157,
    "precision": 0.6531365313653137,
    "recall": 0.8439531859557867,
    "f1": 0.7363842662632375,
    "roc_auc": 0.9938120496062756,
    "pr_auc": 0.850439724226191
  },
  "metrics_default_threshold_on_test": {
    "accuracy": 0.9925306316213277,
    "precision": 0.8043398308201545,
    "recall": 0.7546583850931677,
    "f1": 0.7787074951041482,
    "roc_auc": 0.9945314278091886,
    "pr_auc": 0.8638923651571061
  },
  "metrics_threshold_selected_on_test": {
    "threshold": 0.26,
    "accuracy": 0.9895320678072026,
    "precision": 0.6557112068965517,
    "recall": 0.8398895790200138,
    "f1": 0.7364599092284417,
    "roc_auc": 0.9945314278091886,
    "pr_auc": 0.8638923651571061
  },
  "model_path": "models/trained/trained_model.pkl",
  "target": "is_fraud",
  "use_smote": true,
  "fit_split": "train",
  "tuning_split": "valid",
  "final_metrics_split": "test",
  "mlflow_run_id": "df329d04ae054baaa88d6071e2b15f2b"
}