{
  "selected_model": "catboost",
  "dataset_branch": "tree",
  "use_smote": false,
  "n_trials": 2,
  "best_params": {
    "iterations": 497,
    "depth": 8,
    "learning_rate": 0.04313801817492473,
    "loss_function": "Logloss",
    "eval_metric": "AUC",
    "random_seed": 42,
    "verbose": 0,
    "l2_leaf_reg": 2.1210392216586236
  },
  "best_cv_average_precision": 0.8693263157844104,
  "test_metrics": {
    "accuracy": 0.9933719120501403,
    "precision": 0.878213232195533,
    "recall": 0.7191166321601105,
    "f1_score": 0.7907417947258585,
    "roc_auc": 0.9951495365350496,
    "pr_auc": 0.8758925922498167
  },
  "mlflow_run_id": "14f06732913d443b96e3aef341ca098d"
}