{
  "selected_model": "lightgbm",
  "dataset_branch": "tree",
  "best_params": {
    "n_estimators": 1408,
    "max_depth": 3,
    "learning_rate": 0.03253929056464292,
    "subsample": 0.7636315021471265,
    "colsample_bytree": 0.7472004450240196,
    "objective": "binary",
    "random_state": 42,
    "n_jobs": -1,
    "num_leaves": 8,
    "min_child_samples": 80,
    "min_split_gain": 0.007736947319316813,
    "reg_alpha": 0.009974610093074278,
    "reg_lambda": 0.005010248563628047,
    "verbosity": -1
  },
  "best_valid_pr_auc": 0.8499605253896177,
  "threshold": 0.27,
  "threshold_search": {
    "precision_floor": 0.65,
    "step": 0.01,
    "found_threshold_meeting_precision_floor": true
  },
  "metrics_default_threshold_on_valid": {
    "accuracy": 0.992155655809694,
    "precision": 0.7850045167118338,
    "recall": 0.753359341135674,
    "f1": 0.7688564476885644,
    "roc_auc": 0.9937827823024166,
    "pr_auc": 0.8499605253896177
  },
  "metrics_threshold_selected_on_valid": {
    "threshold": 0.27,
    "accuracy": 0.9896860010359039,
    "precision": 0.6582965727858839,
    "recall": 0.8409189423493715,
    "f1": 0.7384849638370765,
    "roc_auc": 0.9937827823024166,
    "pr_auc": 0.8499605253896177
  },
  "metrics_default_threshold_on_test": {
    "accuracy": 0.9924705401621268,
    "precision": 0.8020565552699229,
    "recall": 0.7536231884057971,
    "f1": 0.7770859277708593,
    "roc_auc": 0.9944499512700274,
    "pr_auc": 0.8620299445402242
  },
  "metrics_threshold_selected_on_test": {
    "threshold": 0.27,
    "accuracy": 0.9895741318286432,
    "precision": 0.6578875916372522,
    "recall": 0.8360938578329883,
    "f1": 0.7363622549764474,
    "roc_auc": 0.9944499512700274,
    "pr_auc": 0.8620299445402242
  },
  "model_path": "models/trained/trained_model.pkl",
  "target": "is_fraud",
  "use_smote": true,
  "fit_split": "train",
  "tuning_split": "valid",
  "final_metrics_split": "test",
  "mlflow_run_id": "467363a050244329ae4f9b00e43469fc"
}