{
  "selected_model": "catboost",
  "dataset_branch": "tree",
  "use_smote": false,
  "n_trials": 2,
  "best_params": {
    "iterations": 187,
    "depth": 5,
    "learning_rate": 0.160137423527828,
    "loss_function": "Logloss",
    "eval_metric": "AUC",
    "random_seed": 42,
    "verbose": 0,
    "l2_leaf_reg": 2.725997330344242
  },
  "best_cv_average_precision": 0.8710577542339829,
  "test_metrics": {
    "accuracy": 0.9934079669256608,
    "precision": 0.8794774546986937,
    "recall": 0.720151828847481,
    "f1_score": 0.791880098653007,
    "roc_auc": 0.995211480145451,
    "pr_auc": 0.8771138713132894
  },
  "mlflow_run_id": "8ef94fe01ab6424090b145b5d4510959"
}