{
  "selected_model": "catboost",
  "dataset_branch": "tree",
  "best_params": {
    "iterations": 323,
    "depth": 8,
    "learning_rate": 0.03874511895372909,
    "loss_function": "Logloss",
    "eval_metric": "AUC",
    "random_seed": 42,
    "verbose": 0,
    "l2_leaf_reg": 3.6446006193720737
  },
  "best_valid_pr_auc": 0.8632029923255258,
  "threshold": 0.17,
  "threshold_search": {
    "precision_floor": 0.65,
    "step": 0.01,
    "found_threshold_meeting_precision_floor": true
  },
  "metrics_default_threshold_on_valid": {
    "accuracy": 0.9929438435034568,
    "precision": 0.8672756582482536,
    "recall": 0.6996098829648895,
    "f1": 0.77447216890595,
    "roc_auc": 0.9945160343866152,
    "pr_auc": 0.8632029923255258
  },
  "metrics_threshold_selected_on_valid": {
    "threshold": 0.17,
    "accuracy": 0.9897160272337615,
    "precision": 0.6565319077848313,
    "recall": 0.8517555266579974,
    "f1": 0.7415094339622641,
    "roc_auc": 0.9945160343866152,
    "pr_auc": 0.8632029923255258
  },
  "metrics_default_threshold_on_test": {
    "accuracy": 0.9933719120501403,
    "precision": 0.8833831695856471,
    "recall": 0.7135955831608005,
    "f1": 0.7894636380988739,
    "roc_auc": 0.9950662789034219,
    "pr_auc": 0.8757750522833313
  },
  "metrics_threshold_selected_on_test": {
    "threshold": 0.17,
    "accuracy": 0.9900067903348897,
    "precision": 0.665416555049558,
    "recall": 0.8571428571428571,
    "f1": 0.7492082642135425,
    "roc_auc": 0.9950662789034219,
    "pr_auc": 0.8757750522833313
  },
  "model_path": "models/trained/trained_model.pkl",
  "target": "is_fraud",
  "use_smote": false,
  "fit_split": "train",
  "tuning_split": "valid",
  "final_metrics_split": "test",
  "mlflow_run_id": "e6ffe5f50b9644bb8b9848e1b8345735"
}