model_name,display_name,selection_score,accuracy,precision,recall,f1_score,roc_auc,pr_auc,use_smote,run_id,dataset,baseline_params
catboost,Catboost,0.863564309660968,0.9929438435034568,0.8664879356568365,0.7004768097095796,0.7746883988494727,0.9944859426050258,0.863564309660968,False,8f47bdbb4eae42149e7211671d5c3eac,tree,"{'iterations': 300, 'depth': 6, 'learning_rate': 0.05, 'loss_function': 'Logloss', 'eval_metric': 'AUC', 'random_seed': 42, 'verbose': 0}"
xgboost,Xgboost,0.8609021577568107,0.9928537649098839,0.8515827711468604,0.7113133940182055,0.7751535191308455,0.9943424917577889,0.8609021577568107,False,830bbc0b39c34160bccbe40514e8f94f,tree,"{'n_estimators': 300, 'max_depth': 6, 'learning_rate': 0.05, 'subsample': 0.8, 'colsample_bytree': 0.8, 'objective': 'binary:logistic', 'eval_metric': 'logloss', 'random_state': 42, 'n_jobs': -1}"
lightgbm,Lightgbm,0.8595370144918397,0.992928830404528,0.8530781169167098,0.7147811009969658,0.7778301886792452,0.9942607244271925,0.8595370144918397,False,95bf74f470ab405e8f01da71186968b7,tree,"{'n_estimators': 300, 'max_depth': -1, 'learning_rate': 0.05, 'subsample': 0.8, 'colsample_bytree': 0.8, 'objective': 'binary', 'random_state': 42, 'n_jobs': -1}"
logistic_regression,Logistic Regression,0.8003190169669486,0.950877140304916,0.2534621203305016,0.9440832249674902,0.3996330275229358,0.990260908130102,0.8003190169669486,False,d8415e50fe9e46758820e711a52e6fda,log,"{'max_iter': 300, 'solver': 'liblinear', 'class_weight': 'balanced', 'random_state': 42}"
