model_name,display_name,selection_score,accuracy,precision,recall,f1_score,roc_auc,pr_auc,use_smote,run_id,dataset,baseline_params
lightgbm,Lightgbm,0.8523912915617109,0.9924784374366635,0.8011075219197047,0.7524924143909839,0.7760393383996423,0.9940147585487165,0.8523912915617109,True,fbd5ba7b6e4447fba86b75a0a12d47f9,tree,"{'n_estimators': 300, 'max_depth': -1, 'learning_rate': 0.05, 'subsample': 0.8, 'colsample_bytree': 0.8, 'objective': 'binary', 'random_state': 42, 'n_jobs': -1}"
xgboost,Xgboost,0.8438206590525097,0.9921481492602295,0.77960088691796,0.7620286085825748,0.770714598860149,0.9932606826072979,0.8438206590525097,True,03cb1fbc44754390a2d08feacbbfc48e,tree,"{'n_estimators': 300, 'max_depth': 6, 'learning_rate': 0.05, 'subsample': 0.8, 'colsample_bytree': 0.8, 'objective': 'binary:logistic', 'eval_metric': 'logloss', 'random_state': 42, 'n_jobs': -1}"
catboost,Catboost,0.8426328727412149,0.9920880968645143,0.7813201616524472,0.7542262678803641,0.7675341861490957,0.9934146480289668,0.8426328727412149,True,2659ac66cd6843e8993c45d521ab9636,tree,"{'iterations': 300, 'depth': 6, 'learning_rate': 0.05, 'loss_function': 'Logloss', 'eval_metric': 'AUC', 'random_seed': 42, 'verbose': 0}"
logistic_regression,Logistic Regression,0.7996601882088449,0.9559665808417844,0.2746612637710523,0.9401820546163849,0.42512740101920815,0.9900800892369664,0.7996601882088449,True,e14b2dc1d91d456cb67ce54075a2a8a0,log,"{'max_iter': 300, 'solver': 'liblinear', 'class_weight': 'balanced', 'random_state': 42}"
