model_name,display_name,selection_score,accuracy,precision,recall,f1_score,roc_auc,pr_auc,use_smote,run_id,dataset,baseline_params
lightgbm,Lightgbm,0.8523912915617109,0.9924784374366635,0.8011075219197047,0.7524924143909839,0.7760393383996423,0.9940147585487165,0.8523912915617109,True,b7a53e6729e74f02ba9fb02a63dbdf3a,tree,"{'n_estimators': 300, 'max_depth': -1, 'learning_rate': 0.05, 'subsample': 0.8, 'colsample_bytree': 0.8, 'objective': 'binary', 'random_state': 42, 'n_jobs': -1}"
xgboost,Xgboost,0.8450023011452608,0.9921256296118364,0.7778268551236749,0.7633289986996099,0.7705097352876832,0.9932915558215959,0.8450023011452608,True,3a83388112ce48908e6eeb045ec581a1,tree,"{'n_estimators': 300, 'max_depth': 6, 'learning_rate': 0.05, 'subsample': 0.8, 'colsample_bytree': 0.8, 'objective': 'binary:logistic', 'eval_metric': 'logloss', 'random_state': 42, 'n_jobs': -1}"
catboost,Catboost,0.842632872741215,0.9920880968645143,0.7813201616524472,0.7542262678803641,0.7675341861490957,0.9934146480289668,0.842632872741215,True,03c3378ee9324f2585eb59072cf9256d,tree,"{'iterations': 300, 'depth': 6, 'learning_rate': 0.05, 'loss_function': 'Logloss', 'eval_metric': 'AUC', 'random_seed': 42, 'verbose': 0}"
logistic_regression,Logistic Regression,0.7996602625789446,0.9559665808417844,0.2746612637710523,0.9401820546163849,0.42512740101920815,0.990080092548122,0.7996602625789446,True,18d2ee700e0540f3af76979c5b90a70b,log,"{'max_iter': 300, 'solver': 'liblinear', 'class_weight': 'balanced', 'random_state': 42}"
