model_name,display_name,selection_score,accuracy,precision,recall,f1_score,roc_auc,pr_auc,use_smote,run_id,dataset,baseline_params
lightgbm,Lightgbm,0.8523912915617109,0.9924784374366635,0.8011075219197047,0.7524924143909839,0.7760393383996423,0.9940147585487165,0.8523912915617109,True,50dc2e63edf4474589ead89d815e23bd,tree,"{'n_estimators': 300, 'max_depth': -1, 'learning_rate': 0.05, 'subsample': 0.8, 'colsample_bytree': 0.8, 'objective': 'binary', 'random_state': 42, 'n_jobs': -1}"
xgboost,Xgboost,0.8438206590525098,0.9921481492602295,0.77960088691796,0.7620286085825748,0.770714598860149,0.9932606826072979,0.8438206590525098,True,eba661bf61e64c06a527adf1fc361c64,tree,"{'n_estimators': 300, 'max_depth': 6, 'learning_rate': 0.05, 'subsample': 0.8, 'colsample_bytree': 0.8, 'objective': 'binary:logistic', 'eval_metric': 'logloss', 'random_state': 42, 'n_jobs': -1}"
catboost,Catboost,0.8426806105061,0.9920505641171923,0.7803234501347709,0.752925877763329,0.7663798808735937,0.9933417628731189,0.8426806105061,True,ec4e3ef38c094b4fb85393d1b4a402b0,tree,"{'iterations': 300, 'depth': 6, 'learning_rate': 0.05, 'loss_function': 'Logloss', 'eval_metric': 'AUC', 'random_seed': 42, 'verbose': 0}"
logistic_regression,Logistic Regression,0.7996602829250622,0.9559665808417844,0.2746612637710523,0.9401820546163849,0.42512740101920815,0.9900800892369662,0.7996602829250622,True,2301b543bb364ce1bac396067392ac2d,log,"{'max_iter': 300, 'solver': 'liblinear', 'class_weight': 'balanced', 'random_state': 42}"
