{
  "best_model_name": "catboost",
  "dataset": "tree",
  "use_smote": false,
  "selection_score": 0.8763503210322419,
  "pr_auc": 0.8763503210322419,
  "roc_auc": 0.9951140391933617,
  "f1_score": 0.7913806254767353,
  "precision": 0.8844842284739983,
  "recall": 0.7160110420979986,
  "run_id": "32cd1e5c56474c06b1e0f0e25bdafc18"
}