{
  "best_model_name": "catboost",
  "dataset": "tree",
  "use_smote": false,
  "selection_score": 0.8764898903128908,
  "pr_auc": 0.8764898903128908,
  "roc_auc": 0.9951195639564876,
  "f1_score": 0.7924528301886793,
  "precision": 0.8850574712643678,
  "recall": 0.717391304347826,
  "run_id": "fd2a44a7fb0140ce8cfd682bfc1243b0"
}